{
  "exhibitions": [
    {
      "spotId": 0,
      "name": "exh1",
      "position": [44.985704802679194, -93.168826004307]
    },
    {
      "spotId": 1,
      "name": "exh2",
      "position": [44.98741509085963, -93.17020867541663]
    },
    {
      "spot": 2,
      "name": "exh3",
      "long": [44.97892640526186, -93.16932597919713]
    }
  ]
}
